[
    {
        "name" : "Sergey",
        "age" : 25,
        "position" : "Junior JavaScript Developer",
        "salary" : 800
    },
    {
        "name" : "Andrew",
        "age" : 27,
        "position" : "JavaScript Developer",
        "salary" : 1000
    },
    {
        "name" : "Ivan",
        "age" : 26,
        "position" : "FullStack Developer",
        "salary" : 1100
    },
    {
        "name" : "Max",
        "age" : 35,
        "position" : ".NET Developer",
        "salary" : 2500
    },
    {
        "name" : "Alex",
        "age" : 31,
        "position" : "Software Engineer",
        "salary" : 1800
    },
    {
        "name" : "Sergey",
        "age" : 37,
        "position" : "Software Engineer",
        "salary" : 2000
    }
]